topics,descriptions
topic_referendum,"The referendum on the Peruvian constitution promoted by Fujimori's administration, which became a focal point of the 2000 presidential election."
topic_ecuador,"Peru's 1998 negotiations with Ecuador to settle the border dispute, including demarcation under the Rio Protocol, the role of the guarantor countries, and the military situation while the talks were under way."
topic_reelection,"Fujimori's bid for re-election in 2000, the campaign for it, and dealings with the Jurado Nacional de Elecciones."
topic_media,"Montesinos's dealings with media owners, executives and journalists, and his influence over what they broadcast and print."
topic_foreign,Peru's relations with other countries.
topic_security,"Internal armed conflict, drug trafficking, terrorism and public security."
topic_lucchetti_factory,The legal dispute over whether the Lucchetti pasta company could build its factory in Peru.
topic_municipal98,"The 1998 municipal election campaign, including Alex Kouri, Alberto Andrade and Hurtado Miller."
topic_miraflores,The mayoral elections in Lima and in the district of Miraflores.
topic_canal4,Montesinos's dealings with Canal 4 specifically.
topic_promotions,Promotions granted to members of the military.
topic_ivcher,"The case against Baruch Ivcher, including the accusation that he passed information and arms to Ecuador, the revocation of his Peruvian citizenship and the loss of his control of Canal 2."
topic_wiese,Montesinos's dealings with Banco Wiese.
topic_appointments,"Montesinos's decisions about appointing, reassigning and removing ministers, congressmen and other officeholders."
topic_state_capture,"The regime's capture of Congress, the courts, the military, autonomous constitutional bodies and regulators (except the Jurado Nacional de Elecciones, which is recorded in the reelection topic)."